[{"model": "API.proveedor", "pk": 52, "fields": {"nombre_empresa": "prueba", "cif": "00000000U", "email": "prueba@hotmail.com", "telefono": "928123456", "web": "http://www.prueba.com"}}, {"model": "API.proveedor", "pk": 80, "fields": {"nombre_empresa": "Lámparas Martínez", "cif": "B12345678", "email": "info@lampasmartinez.com", "telefono": "123456789", "web": "http://www.lampasmartinez.com"}}, {"model": "API.proveedor", "pk": 81, "fields": {"nombre_empresa": "Iluminación García", "cif": "C98765432", "email": "contacto@iluminaciongarcia.com", "telefono": "987654321", "web": "http://www.iluminaciongarcia.com"}}, {"model": "API.proveedor", "pk": 82, "fields": {"nombre_empresa": "Luz y Diseño", "cif": "D24681357", "email": "info@luzydiseño.com", "telefono": "246813579", "web": "http://www.luzydiseño.com"}}, {"model": "API.proveedor", "pk": 84, "fields": {"nombre_empresa": "Iluminación Moderna", "cif": "F98765432", "email": "info@iluminacionmoderna.com", "telefono": "987654321", "web": "http://www.iluminacionmoderna.com"}}, {"model": "API.proveedor", "pk": 85, "fields": {"nombre_empresa": "Lámparas Creativas", "cif": "G75319024", "email": "ventas@lamparascreativas.com", "telefono": "753190246", "web": "http://www.lamparascreativas.com"}}, {"model": "API.proveedor", "pk": 86, "fields": {"nombre_empresa": "Luz Ambiente", "cif": "H95135748", "email": "info@luzambiente.com", "telefono": "951357486", "web": "http://www.luzambiente.com"}}, {"model": "API.proveedor", "pk": 87, "fields": {"nombre_empresa": "Iluminación Vintage", "cif": "J35792468", "email": "contacto@iluminacionvintage.com", "telefono": "357924681", "web": "http://www.iluminacionvintage.com"}}, {"model": "API.proveedor", "pk": 88, "fields": {"nombre_empresa": "Lámparas Clásicas", "cif": "K68413579", "email": "ventas@lamparasclasicas.com", "telefono": "684135793", "web": "http://www.lamparasclasicas.com"}}, {"model": "API.proveedor", "pk": 89, "fields": {"nombre_empresa": "Iluminación Minimalista", "cif": "L24681357", "email": "info@iluminacionminimalista.com", "telefono": "246813579", "web": "http://www.iluminacionminimalista.com"}}, {"model": "API.proveedor", "pk": 90, "fields": {"nombre_empresa": "Lámparas Modernas", "cif": "M13579246", "email": "contacto@lamparasmodernas.com", "telefono": "135792468", "web": "http://www.lamparasmodernas.com"}}, {"model": "API.proveedor", "pk": 91, "fields": {"nombre_empresa": "Luz Creativa", "cif": "N75319024", "email": "ventas@luzcreativa.com", "telefono": "753190246", "web": "http://www.luzcreativa.com"}}, {"model": "API.proveedor", "pk": 92, "fields": {"nombre_empresa": "Iluminación Rústica", "cif": "P95135748", "email": "info@iluminacionrustica.com", "telefono": "951357486", "web": "http://www.iluminacionrustica.com"}}, {"model": "API.proveedor", "pk": 93, "fields": {"nombre_empresa": "Lámparas Innovadoras", "cif": "Q35792468", "email": "contacto@lamparasinnovadoras.com", "telefono": "357924681", "web": "http://www.lamparasinnovadoras.com"}}, {"model": "API.proveedor", "pk": 94, "fields": {"nombre_empresa": "Luz Elegante", "cif": "R68413579", "email": "ventas@luzelegante.com", "telefono": "684135793", "web": "http://www.luzelegante.com"}}, {"model": "API.proveedor", "pk": 95, "fields": {"nombre_empresa": "Iluminación Industrial", "cif": "S24681357", "email": "info@iluminacionindustrial.com", "telefono": "246813579", "web": "http://www.iluminacionindustrial.com"}}, {"model": "API.proveedor", "pk": 96, "fields": {"nombre_empresa": "Lámparas Únicas", "cif": "T13579246", "email": "contacto@lamparasunicas.com", "telefono": "135792468", "web": "http://www.lamparasunicas.com"}}, {"model": "API.proveedor", "pk": 97, "fields": {"nombre_empresa": "Luz Vintage", "cif": "U75319024", "email": "ventas@luzvintage.com", "telefono": "753190246", "web": "http://www.luzvintage.com"}}, {"model": "API.proveedor", "pk": 98, "fields": {"nombre_empresa": "Iluminación Clásica", "cif": "V95135748", "email": "info@iluminacionclasicas.com", "telefono": "951357486", "web": "http://www.iluminacionclasicas.com"}}, {"model": "API.cliente", "pk": 1, "fields": {"nombre_empresa": "CLIENTE AL POR MENOR", "cif": "00000000A", "email": "lamparasangel@hotmail.com", "telefono": "958439637", "web": "http://www.lamparasangel.com"}}, {"model": "API.cliente", "pk": 15, "fields": {"nombre_empresa": "Lámparas Express", "cif": "A1234567", "email": "info@lamparasexpress.com", "telefono": "123456789", "web": "http://www.lamparasexpress.com"}}, {"model": "API.cliente", "pk": 16, "fields": {"nombre_empresa": "Iluminación Moderna", "cif": "B9876543", "email": "ventas@iluminacionmoderna.com", "telefono": "987654321", "web": "http://www.iluminacionmoderna.com"}}, {"model": "API.cliente", "pk": 17, "fields": {"nombre_empresa": "Luz Brillante", "cif": "C5678901", "email": "contacto@luzbrillante.com", "telefono": "567890123", "web": "http://www.luzbrillante.com"}}, {"model": "API.cliente", "pk": 18, "fields": {"nombre_empresa": "Lámparas Elegantes", "cif": "D1098765", "email": "info@lamparaselegantes.com", "telefono": "109876543", "web": "http://www.lamparaselegantes.com"}}, {"model": "API.cliente", "pk": 19, "fields": {"nombre_empresa": "Iluminación Creativa", "cif": "E4567890", "email": "ventas@iluminacioncreativa.com", "telefono": "456789012", "web": "http://www.iluminacioncreativa.com"}}, {"model": "API.cliente", "pk": 20, "fields": {"nombre_empresa": "Lámparas Modernas", "cif": "F7654321", "email": "contacto@lamparasmodernas.com", "telefono": "765432109", "web": "http://www.lamparasmodernas.com"}}, {"model": "API.cliente", "pk": 21, "fields": {"nombre_empresa": "Luz y Diseño", "cif": "G2345678", "email": "info@luzydiseno.com", "telefono": "234567890", "web": "http://www.luzydiseno.com"}}, {"model": "API.cliente", "pk": 22, "fields": {"nombre_empresa": "Iluminación Innovadora", "cif": "H8765432", "email": "ventas@iluminacioninnovadora.com", "telefono": "876543210", "web": "http://www.iluminacioninnovadora.com"}}, {"model": "API.cliente", "pk": 23, "fields": {"nombre_empresa": "Lámparas Vintage", "cif": "I3456789", "email": "contacto@lamparasvintage.com", "telefono": "345678901", "web": "http://www.lamparasvintage.com"}}, {"model": "API.cliente", "pk": 24, "fields": {"nombre_empresa": "Luz Ambiente", "cif": "J6543210", "email": "info@luzambiente.com", "telefono": "654321098", "web": "http://www.luzambiente.com"}}, {"model": "API.cliente", "pk": 25, "fields": {"nombre_empresa": "Iluminación Única", "cif": "K9876543", "email": "ventas@iluminacionunica.com", "telefono": "987654321", "web": "http://www.iluminacionunica.com"}}, {"model": "API.cliente", "pk": 26, "fields": {"nombre_empresa": "Lámparas Estilo", "cif": "L0123456", "email": "contacto@lamparasestilo.com", "telefono": "012345678", "web": "http://www.lamparasestilo.com"}}, {"model": "API.cliente", "pk": 27, "fields": {"nombre_empresa": "Luz Creativa", "cif": "M5432109", "email": "info@luzcreativa.com", "telefono": "543210987", "web": "http://www.luzcreativa.com"}}, {"model": "API.cliente", "pk": 29, "fields": {"nombre_empresa": "Lámparas de Ensueño", "cif": "O3210987", "email": "contacto@lamparasdeensueno.com", "telefono": "321098765", "web": "http://www.lamparasdeensueno.com"}}, {"model": "API.cliente", "pk": 30, "fields": {"nombre_empresa": "Luz Moderna", "cif": "P7654321", "email": "info@luzmoderna.com", "telefono": "765432109", "web": "http://www.luzmoderna.com"}}, {"model": "API.cliente", "pk": 31, "fields": {"nombre_empresa": "Iluminación Brillante", "cif": "Q2109876", "email": "ventas@iluminacionbrillante.com", "telefono": "210987654", "web": "http://www.iluminacionbrillante.com"}}, {"model": "API.cliente", "pk": 32, "fields": {"nombre_empresa": "Lámparas Retro", "cif": "R5432109", "email": "contacto@lamparasretro.com", "telefono": "543210987", "web": "http://www.lamparasretro.com"}}, {"model": "API.cliente", "pk": 33, "fields": {"nombre_empresa": "Luz Elegante", "cif": "S0987654", "email": "info@luzelegante.com", "telefono": "098765432", "web": "http://www.luzelegante.com"}}, {"model": "API.cliente", "pk": 34, "fields": {"nombre_empresa": "Iluminación Vintage", "cif": "T4321098", "email": "ventas@iluminacionvintage.com", "telefono": "432109876", "web": "http://www.iluminacionvintage.com"}}, {"model": "API.cliente", "pk": 35, "fields": {"nombre_empresa": "Lámparas Creativas", "cif": "U8765432", "email": "contacto@lamparascreativas.com", "telefono": "876543210", "web": "http://www.lamparascreativas.com"}}, {"model": "API.cliente", "pk": 36, "fields": {"nombre_empresa": "Luz Estilo", "cif": "V3210987", "email": "info@luzestilo.com", "telefono": "321098765", "web": "http://www.luzestilo.com"}}, {"model": "API.cliente", "pk": 37, "fields": {"nombre_empresa": "Iluminación Ambiente", "cif": "W6543210", "email": "ventas@iluminacionambiente.com", "telefono": "654321098", "web": "http://www.iluminacionambiente.com"}}, {"model": "API.cliente", "pk": 38, "fields": {"nombre_empresa": "Lámparas Únicas", "cif": "X1098765", "email": "contacto@lamparasunicas.com", "telefono": "109876543", "web": "http://www.lamparasunicas.com"}}, {"model": "API.cliente", "pk": 39, "fields": {"nombre_empresa": "Luz Retro", "cif": "Y7654321", "email": "info@luzretro.com", "telefono": "765432109", "web": "http://www.luzretro.com"}}, {"model": "API.cliente", "pk": 40, "fields": {"nombre_empresa": "Iluminación de Ensueño", "cif": "Z2345678", "email": "ventas@iluminaciondeensueno.com", "telefono": "234567890", "web": "http://www.iluminaciondeensueno.com"}}, {"model": "API.cliente", "pk": 41, "fields": {"nombre_empresa": "Lámparas Modernistas", "cif": "AA9876543", "email": "contacto@lamparasmodernistas.com", "telefono": "987654321", "web": "http://www.lamparasmodernistas.com"}}, {"model": "API.cliente", "pk": 42, "fields": {"nombre_empresa": "Luz Creatividad", "cif": "AB4567890", "email": "info@luzcreatividad.com", "telefono": "456789012", "web": "http://www.luzcreatividad.com"}}, {"model": "API.cliente", "pk": 44, "fields": {"nombre_empresa": "Lámparas de Diseño", "cif": "AD3456789", "email": "contacto@lamparasdediseno.com", "telefono": "345678901", "web": "http://www.lamparasdediseno.com"}}, {"model": "API.cliente", "pk": 45, "fields": {"nombre_empresa": "Luz Elegancia", "cif": "AE6543210", "email": "info@luzelegancia.com", "telefono": "654321098", "web": "http://www.luzelegancia.com"}}, {"model": "API.cliente", "pk": 46, "fields": {"nombre_empresa": "Iluminación Retro", "cif": "AF8901234", "email": "ventas@iluminacionretro.com", "telefono": "890123456", "web": "http://www.iluminacionretro.com"}}, {"model": "API.cliente", "pk": 47, "fields": {"nombre_empresa": "Lámparas Ambientales", "cif": "AG3210987", "email": "contacto@lamparasambientales.com", "telefono": "321098765", "web": "http://www.lamparasambientales.com"}}, {"model": "API.cliente", "pk": 48, "fields": {"nombre_empresa": "Luz Estilo Moderno", "cif": "AH5432109", "email": "info@luzestilomoderno.com", "telefono": "543210987", "web": "http://www.luzestilomoderno.com"}}, {"model": "API.cliente", "pk": 50, "fields": {"nombre_empresa": "Lámparas Innovadoras", "cif": "AJ4321098", "email": "contacto@lamparasinnovadoras.com", "telefono": "432109876", "web": "http://www.lamparasinnovadoras.com"}}, {"model": "API.cliente", "pk": 51, "fields": {"nombre_empresa": "Luz Retro Chic", "cif": "AK8765432", "email": "info@luzretrochic.com", "telefono": "876543210", "web": "http://www.luzretrochic.com"}}, {"model": "API.cliente", "pk": 52, "fields": {"nombre_empresa": "Iluminación de Diseño", "cif": "AL3210987", "email": "ventas@iluminaciondediseno.com", "telefono": "321098765", "web": "http://www.iluminaciondediseno.com"}}, {"model": "API.cliente", "pk": 53, "fields": {"nombre_empresa": "Lámparas Vanguardistas", "cif": "AM6543210", "email": "contacto@lamparasvanguardistas.com", "telefono": "654321098", "web": "http://www.lamparasvanguardistas.com"}}, {"model": "API.cliente", "pk": 54, "fields": {"nombre_empresa": "Luz Vintage", "cif": "AN2109876", "email": "info@luzvintage.com", "telefono": "210987654", "web": "http://www.luzvintage.com"}}, {"model": "API.cliente", "pk": 56, "fields": {"nombre_empresa": "Lámparas de Época", "cif": "AP8901234", "email": "contacto@lamparasdeepoca.com", "telefono": "890123456", "web": "http://www.lamparasdeepoca.com"}}, {"model": "API.cliente", "pk": 58, "fields": {"nombre_empresa": "Iluminación Vintage Moderna", "cif": "AR6543210", "email": "ventas@iluminacionvintagemoderna.com", "telefono": "654321098", "web": "http://www.iluminacionvintagemoderna.com"}}, {"model": "API.cliente", "pk": 59, "fields": {"nombre_empresa": "Lámparas Contemporáneas", "cif": "AS1098765", "email": "contacto@lamparascontemporaneas.com", "telefono": "109876543", "web": "http://www.lamparascontemporaneas.com"}}, {"model": "API.cliente", "pk": 60, "fields": {"nombre_empresa": "Luz Creativa Retro", "cif": "AT7654321", "email": "info@luzcreativaretro.com", "telefono": "765432109", "web": "http://www.luzcreativaretro.com"}}, {"model": "API.almacen", "pk": "", "fields": {"pasillo": "", "seccion": "", "altura": ""}}, {"model": "API.almacen", "pk": "1-B-alta", "fields": {"pasillo": "1", "seccion": "B", "altura": "alta"}}, {"model": "API.almacen", "pk": "2-A-baja", "fields": {"pasillo": "2", "seccion": "A", "altura": "baja"}}, {"model": "API.almacen", "pk": "2-B-baja", "fields": {"pasillo": "2", "seccion": "B", "altura": "baja"}}, {"model": "API.almacen", "pk": "2-D-media", "fields": {"pasillo": "2", "seccion": "D", "altura": "media"}}, {"model": "API.almacen", "pk": "3-E-baja", "fields": {"pasillo": "3", "seccion": "E", "altura": "baja"}}, {"model": "API.almacen", "pk": "3-F-baja", "fields": {"pasillo": "3", "seccion": "F", "altura": "baja"}}, {"model": "API.almacen", "pk": "4-B-alta", "fields": {"pasillo": "4", "seccion": "B", "altura": "alta"}}, {"model": "API.almacen", "pk": "5-B-media", "fields": {"pasillo": "5", "seccion": "B", "altura": "media"}}, {"model": "API.producto", "pk": 28, "fields": {"referencia": "REF0001", "nombre": "Colgante Granada", "tipo": "techo", "precio_minorista": "35.00", "precio_mayorista": "30.00", "cantidad": 35, "descripcion": "Colgante Granada\r\nColor: Gris\r\nBombilla: 1x E-27", "fotografia": "productos/Lampara001_iTL6vEU.jpg", "id_ubicacion": "1-B-alta", "id_proveedor": 81}}, {"model": "API.producto", "pk": 29, "fields": {"referencia": "REF0002", "nombre": "Colgante Almería", "tipo": "techo", "precio_minorista": "35.00", "precio_mayorista": "30.00", "cantidad": 70, "descripcion": "Colgante Almería\r\nColor: Plata\r\nBombilla: 1x E-27", "fotografia": "productos/Lampara002_AYEGgaC.jpg", "id_ubicacion": "2-A-baja", "id_proveedor": 81}}, {"model": "API.producto", "pk": 30, "fields": {"referencia": "REF0005", "nombre": "Plafón Naranja", "tipo": "plafon", "precio_minorista": "30.00", "precio_mayorista": "25.00", "cantidad": 150, "descripcion": "Plafón de cocina\r\nColor: Naranja\r\nBombillas: 2x E-14", "fotografia": "productos/Lampara005.png", "id_ubicacion": "", "id_proveedor": 81}}, {"model": "API.producto", "pk": 31, "fields": {"referencia": "REF0006", "nombre": "Plafón Circulos", "tipo": "plafon", "precio_minorista": "35.00", "precio_mayorista": "30.00", "cantidad": 100, "descripcion": "Plafón de cocina\r\nColor: Gris - Azul\r\nBombillas: 2x E-14", "fotografia": "productos/Lampara006_Q6KNeBl.png", "id_ubicacion": null, "id_proveedor": 85}}, {"model": "API.producto", "pk": 32, "fields": {"referencia": "REF0011", "nombre": "Aplique 3F", "tipo": "aplique", "precio_minorista": "33.99", "precio_mayorista": "27.99", "cantidad": 90, "descripcion": "Aplique de pared\r\nColor: Gris\r\nBombillas: 3x G9", "fotografia": "productos/Lampara011.png", "id_ubicacion": "4-B-alta", "id_proveedor": 86}}, {"model": "API.producto", "pk": 33, "fields": {"referencia": "REF0018", "nombre": "Pie de salón moderno ", "tipo": "pie", "precio_minorista": "77.99", "precio_mayorista": "66.99", "cantidad": 40, "descripcion": "Pie de salón\r\nColor: Plata - Rosa\r\nBombilla: 1x E-27", "fotografia": "productos/Lampara018_N8DlXti.jpg", "id_ubicacion": "5-B-media", "id_proveedor": 89}}, {"model": "API.producto", "pk": 34, "fields": {"referencia": "REF0022", "nombre": "Aplique Exterior", "tipo": "exterior", "precio_minorista": "45.00", "precio_mayorista": "40.00", "cantidad": 170, "descripcion": "Aplique de exterior \r\nColor: Gris mate\r\nBombilla: LED incluida", "fotografia": "productos/Lampara022_o8S8sHA.jpg", "id_ubicacion": "3-F-baja", "id_proveedor": 82}}, {"model": "API.producto", "pk": 35, "fields": {"referencia": "REF0023", "nombre": "Lámpara de pantalla", "tipo": "techo", "precio_minorista": "52.00", "precio_mayorista": "48.00", "cantidad": 30, "descripcion": "Lámpara de techo con pantalla\r\nColor: Negro\r\nBombilla: 1x E-27", "fotografia": "productos/Lampara023_mZWx7vR.jpg", "id_ubicacion": null, "id_proveedor": 82}}, {"model": "API.producto", "pk": 36, "fields": {"referencia": "REF0105", "nombre": "Ventilador Sevilla", "tipo": "ventiladores", "precio_minorista": "200.99", "precio_mayorista": "150.00", "cantidad": 200, "descripcion": "Ventilador Sevilla\r\nColor: Blanco\r\nBombilla: LED incluída", "fotografia": "productos/Lampara105_XPz5CSh.png", "id_ubicacion": "3-E-baja", "id_proveedor": 94}}, {"model": "API.producto", "pk": 37, "fields": {"referencia": "REF0075", "nombre": "Flexo Pixar", "tipo": "flexos", "precio_minorista": "50.99", "precio_mayorista": "45.00", "cantidad": 70, "descripcion": "Flexo Pixar\r\nColor: Blanco\r\nBombilla: LED incluída", "fotografia": "productos/Lampara075_FqJ7H1y.jpg", "id_ubicacion": "2-D-media", "id_proveedor": 86}}, {"model": "API.producto", "pk": 38, "fields": {"referencia": "REF027", "nombre": "Aplique Bola", "tipo": "aplique", "precio_minorista": "59.99", "precio_mayorista": "49.99", "cantidad": 20, "descripcion": "Aplique de Pared\r\nColor: Plata\r\nBombilla: LED", "fotografia": "productos/Lampara027_4Txkl9T.jpg", "id_ubicacion": "2-B-baja", "id_proveedor": 94}}, {"model": "API.compra", "pk": 14, "fields": {"id_producto": 28, "cantidad": 20, "precio": "20.00", "fecha": "2023-05-19T11:45:11.374Z", "id_usuario": 1}}, {"model": "API.compra", "pk": 15, "fields": {"id_producto": 29, "cantidad": 20, "precio": "20.00", "fecha": "2023-05-19T11:48:25.686Z", "id_usuario": 1}}, {"model": "API.compra", "pk": 16, "fields": {"id_producto": 28, "cantidad": 15, "precio": "20.00", "fecha": "2023-05-19T11:52:36.332Z", "id_usuario": 1}}, {"model": "API.compra", "pk": 17, "fields": {"id_producto": 29, "cantidad": 35, "precio": "20.00", "fecha": "2023-05-19T11:53:01.324Z", "id_usuario": 2}}, {"model": "API.compra", "pk": 18, "fields": {"id_producto": 30, "cantidad": 100, "precio": "15.00", "fecha": "2023-05-19T12:00:03.520Z", "id_usuario": 2}}, {"model": "API.compra", "pk": 19, "fields": {"id_producto": 29, "cantidad": 15, "precio": "30.00", "fecha": "2023-05-19T12:05:49.581Z", "id_usuario": 2}}, {"model": "API.compra", "pk": 20, "fields": {"id_producto": 30, "cantidad": 50, "precio": "20.00", "fecha": "2023-05-19T12:14:20.943Z", "id_usuario": 2}}, {"model": "API.compra", "pk": 21, "fields": {"id_producto": 31, "cantidad": 100, "precio": "15.00", "fecha": "2023-05-19T17:53:41.043Z", "id_usuario": 2}}, {"model": "API.compra", "pk": 22, "fields": {"id_producto": 32, "cantidad": 60, "precio": "14.00", "fecha": "2023-05-19T17:55:27.414Z", "id_usuario": 2}}, {"model": "API.compra", "pk": 23, "fields": {"id_producto": 32, "cantidad": 30, "precio": "15.99", "fecha": "2023-05-19T17:55:51.361Z", "id_usuario": 2}}, {"model": "API.compra", "pk": 24, "fields": {"id_producto": 33, "cantidad": 40, "precio": "32.00", "fecha": "2023-05-19T17:58:19.692Z", "id_usuario": 1}}, {"model": "API.compra", "pk": 25, "fields": {"id_producto": 34, "cantidad": 50, "precio": "24.99", "fecha": "2023-05-19T17:59:56.150Z", "id_usuario": 1}}, {"model": "API.compra", "pk": 26, "fields": {"id_producto": 35, "cantidad": 30, "precio": "30.00", "fecha": "2023-05-19T18:04:28.002Z", "id_usuario": 1}}, {"model": "API.compra", "pk": 27, "fields": {"id_producto": 36, "cantidad": 200, "precio": "50.00", "fecha": "2023-05-19T18:06:32.669Z", "id_usuario": 1}}, {"model": "API.compra", "pk": 28, "fields": {"id_producto": 37, "cantidad": 70, "precio": "28.00", "fecha": "2023-05-19T18:07:59.688Z", "id_usuario": 1}}, {"model": "API.compra", "pk": 29, "fields": {"id_producto": 38, "cantidad": 20, "precio": "20.00", "fecha": "2023-05-21T10:27:19.612Z", "id_usuario": 1}}, {"model": "API.compra", "pk": 30, "fields": {"id_producto": 34, "cantidad": 120, "precio": "15.00", "fecha": "2023-05-21T15:46:46.900Z", "id_usuario": 1}}]